"0","library(tidyverse)"
"0",""
"0","astro_data <- tibble("
"0","  planeta = c(""Sol"", ""Luna"", ""Venus"", ""Marte"", ""Júpiter"", ""Saturno"", ""Mercurio""),"
"0","  tipo_linea = c(""Ascendente"", ""Medio Cielo"", ""Descendente"", ""Ascendente"", ""Medio Cielo"", ""Descendente"", ""Ascendente""),"
"0","  ciudad = c(""San José"", ""Ciudad de México"", ""Miami"", ""Bogotá"", ""Madrid"", ""Buenos Aires"", ""San Francisco""),"
"0","  pais = c(""Costa Rica"", ""México"", ""Estados Unidos"", ""Colombia"", ""España"", ""Argentina"", ""Estados Unidos""),"
"0","  latitud = c(9.93, 19.43, 25.76, 4.61, 40.42, -34.60, 37.77),"
"0","  longitud = c(-84.08, -99.13, -80.19, -74.08, -3.70, -58.38, -122.42),"
"0","  continente = c(""América"", ""América"", ""América"", ""América"", ""Europa"", ""América"", ""América"")"
"0",")"
