{"chunk_definitions":[{"row":60,"row_count":1,"visible":true,"expansion_state":0,"options":{"engine":"r","label":"unnamed-chunk-8","dev":"png"},"document_id":"9457C532","chunk_id":"c6uj54q6206ci","chunk_label":"unnamed-chunk-1"},{"row":76,"row_count":1,"visible":true,"expansion_state":0,"options":{"engine":"r","label":"unnamed-chunk-33","dev":"png"},"document_id":"9457C532","chunk_id":"c0n74zhkfsehq","chunk_label":"unnamed-chunk-2"},{"row":95,"row_count":1,"visible":true,"expansion_state":0,"options":{"engine":"r","label":"unnamed-chunk-32","dev":"png"},"document_id":"9457C532","chunk_id":"cs4xvnwbc8zjc","chunk_label":"unnamed-chunk-3"}],"doc_write_time":1747805695}